accuracy,model
0.993506,log
0.832792,log
0.832792,log
0.832792,log
0.832792,log
0.832792,log
0.831981,log
0.821834,extra
0.819805,random
0.767857,knn
0.755276,knn
0.754464,knn
0.817775974,extra
0.812905844,random
0.819399351,extra
0.815746753,random
0.811282468,random
